{
    "loss": {
        "train": [
            0.7252074552837171,
            0.23776166413959704,
            0.1315022197522615,
            0.08787503694233141,
            0.06984108372738487,
            0.04450426603618421,
            0.04390083312988281,
            0.042723529213353206,
            0.024127207304302015,
            0.032968860425447166,
            0.021046499955026728,
            0.03101551055908203,
            0.04595908315558182,
            0.05702735097784745,
            0.06418175948293585,
            0.053105866281609786,
            0.02696474175704153,
            0.01746642464085629,
            0.011280041744834499,
            0.01177170201351768,
            0.002860539586920487,
            0.0005015912181452701,
            0.00014799503903639943,
            0.00011081828098548086,
            0.000159891781054045,
            0.00015785888621681614,
            0.00025477161532954165,
            0.00011488850179471468,
            6.229541803661146e-05,
            4.164984351710269e-05,
            5.682381360154403e-05,
            3.690056894954882e-05,
            2.4445278472022006e-05,
            3.095937990828564e-05,
            3.648628529749419e-05,
            3.216858365033802e-05,
            0.00020675963477084512,
            0.00013683428889826725,
            0.00010117217898368836,
            4.4247249239369444e-05
        ],
        "val": [
            0.8458661209909539,
            0.7565141858552632,
            0.27986408434416116,
            0.26349477667557564,
            0.16039003071032074,
            0.4992044870476974,
            0.24898826197574014,
            0.22930766858552631,
            0.28537369577508226,
            0.25001395777652136,
            0.20093700208162008,
            0.22652814363178453,
            0.4302361418071546,
            0.452335205078125,
            0.44136461759868423,
            0.28030466180098684,
            0.20499391254625823,
            0.2395657027395148,
            0.24439024272717927,
            0.16272615131578946,
            0.20120468942742598,
            0.1826780299136513,
            0.17991284822162829,
            0.17761461759868422,
            0.17864583868729442,
            0.19641652960526315,
            0.19326534873560855,
            0.20814918919613487,
            0.20314414576480264,
            0.20428160014905428,
            0.20621644672594572,
            0.2105231355365954,
            0.20656071713096216,
            0.20597074809827304,
            0.20513565866570724,
            0.20948974609375,
            0.231735695286801,
            0.22076134932668587,
            0.1980504728618421,
            0.20803309390419408
        ]
    },
    "accuracy": {
        "train": [
            0.7731578947368422,
            0.9213157894736842,
            0.9568421052631579,
            0.9723684210526315,
            0.9794736842105263,
            0.9844736842105263,
            0.986578947368421,
            0.9855263157894737,
            0.9921052631578947,
            0.9910526315789474,
            0.9952631578947368,
            0.9918421052631579,
            0.9868421052631579,
            0.9836842105263158,
            0.9807894736842105,
            0.9831578947368421,
            0.9921052631578947,
            0.9944736842105263,
            0.9971052631578947,
            0.9981578947368421,
            0.9994736842105263,
            1.0,
            1.0,
            1.0,
            1.0,
            1.0,
            1.0,
            1.0,
            1.0,
            1.0,
            1.0,
            1.0,
            1.0,
            1.0,
            1.0,
            1.0,
            1.0,
            1.0,
            1.0,
            1.0
        ],
        "val": [
            0.7578947368421053,
            0.8010526315789473,
            0.9136842105263158,
            0.9168421052631579,
            0.9452631578947368,
            0.8547368421052631,
            0.9294736842105263,
            0.9294736842105263,
            0.9263157894736842,
            0.9431578947368421,
            0.9442105263157895,
            0.9484210526315789,
            0.8852631578947369,
            0.8821052631578947,
            0.8736842105263158,
            0.9294736842105263,
            0.9505263157894737,
            0.9442105263157895,
            0.9505263157894737,
            0.9452631578947368,
            0.9526315789473684,
            0.9568421052631579,
            0.9610526315789474,
            0.9631578947368421,
            0.9642105263157895,
            0.9610526315789474,
            0.9631578947368421,
            0.9631578947368421,
            0.9621052631578947,
            0.9610526315789474,
            0.96,
            0.96,
            0.9589473684210527,
            0.9610526315789474,
            0.9610526315789474,
            0.9631578947368421,
            0.9589473684210527,
            0.9610526315789474,
            0.9631578947368421,
            0.9621052631578947
        ]
    }
}