{
    "loss": {
        "train": [
            1.4699239309210526,
            0.23521644993832236,
            0.08148757934570312,
            0.040743576852898845,
            0.03367010417737459,
            0.02467035594739412,
            0.022151756286621093,
            0.018869978252210116,
            0.009662134270918997,
            0.005545393793206466,
            0.023349908527575042,
            0.00865681296900699,
            0.013286984092310855,
            0.03262743498149671,
            0.0178769924766139,
            0.009316866021407279,
            0.01079458337081106,
            0.003813433898122687,
            0.0010120783354106702,
            0.0065740389572946645,
            0.013651689228258634,
            0.010451294748406661,
            0.02821935352526213,
            0.03239078120181435,
            0.024486702366879113,
            0.02029034463982833,
            0.0396538624010588,
            0.012158418956555818,
            0.0047748259494179175,
            0.0013799998634739926,
            0.000654761791229248,
            0.00033957556674354955,
            0.00019961684942245483,
            0.00014704100395503797,
            0.00013541944717106066,
            0.00011444476089979473,
            0.00011793266785772223,
            0.00011002817436268455,
            0.00016091795344101755,
            0.00010752809675116289
        ],
        "val": [
            0.43187130576685856,
            0.15357749537417764,
            0.16021257902446545,
            0.30838199013157896,
            0.18276746247944078,
            0.19333541067023027,
            0.14760324578536185,
            0.143892822265625,
            0.14809897974917763,
            0.18913572612561677,
            0.24266251413445725,
            0.18152183131167762,
            0.1920416902240954,
            0.2125402189555921,
            0.17650763260690788,
            0.19234060187088817,
            0.15894401148745887,
            0.16578187641344572,
            0.1502471120733964,
            0.18010498046875,
            0.16057660554584705,
            0.27235287314967105,
            0.26360754715768914,
            0.24131273771587172,
            0.197492820338199,
            0.3237102629009046,
            0.20451383891858552,
            0.18182472630550986,
            0.2087336008172286,
            0.17333335474917763,
            0.16172777677837172,
            0.1863553980777138,
            0.20335555227179275,
            0.19501289769222863,
            0.20091006630345395,
            0.20427101536800987,
            0.1910334055047286,
            0.1978961984734786,
            0.18375184711657072,
            0.19048905222039475
        ]
    },
    "accuracy": {
        "train": [
            0.5857894736842105,
            0.9273684210526316,
            0.9739473684210527,
            0.9902631578947368,
            0.9881578947368421,
            0.9918421052631579,
            0.9936842105263158,
            0.9963157894736843,
            0.9973684210526316,
            0.9989473684210526,
            0.9942105263157894,
            0.9978947368421053,
            0.9960526315789474,
            0.9931578947368421,
            0.9939473684210526,
            0.9973684210526316,
            0.9973684210526316,
            0.998421052631579,
            0.9997368421052631,
            0.998421052631579,
            0.9960526315789474,
            0.9971052631578947,
            0.991578947368421,
            0.9910526315789474,
            0.993421052631579,
            0.9944736842105263,
            0.9894736842105263,
            0.9968421052631579,
            0.9989473684210526,
            1.0,
            1.0,
            1.0,
            1.0,
            1.0,
            1.0,
            1.0,
            1.0,
            1.0,
            1.0,
            1.0
        ],
        "val": [
            0.8578947368421053,
            0.9515789473684211,
            0.9494736842105264,
            0.9347368421052632,
            0.9515789473684211,
            0.9484210526315789,
            0.9536842105263158,
            0.9568421052631579,
            0.9547368421052631,
            0.9484210526315789,
            0.9442105263157895,
            0.9389473684210526,
            0.9368421052631579,
            0.9452631578947368,
            0.9442105263157895,
            0.9536842105263158,
            0.9631578947368421,
            0.9547368421052631,
            0.9621052631578947,
            0.9536842105263158,
            0.9568421052631579,
            0.9357894736842105,
            0.9389473684210526,
            0.94,
            0.9568421052631579,
            0.9378947368421052,
            0.94,
            0.96,
            0.9547368421052631,
            0.9652631578947368,
            0.9652631578947368,
            0.9642105263157895,
            0.96,
            0.9621052631578947,
            0.9621052631578947,
            0.9610526315789474,
            0.9621052631578947,
            0.9610526315789474,
            0.9631578947368421,
            0.9610526315789474
        ]
    }
}